# hostname;interval;timestamp;CPU;%user;%nice;%system;%iowait;%steal;%idle
4fbe986;1;2022-04-03 10:32:00 UTC;-1;1.00;0.00;0.25;0.00;0.00;98.75
4fbe986;1;2022-04-03 10:32:01 UTC;-1;0.51;0.00;1.27;0.00;0.00;98.22
4fbe986;1;2022-04-03 10:32:02 UTC;-1;1.45;0.00;8.19;0.00;0.00;90.36
4fbe986;1;2022-04-03 10:32:03 UTC;-1;3.61;0.00;3.22;0.13;0.00;93.04
4fbe986;1;2022-04-03 10:32:04 UTC;-1;2.34;0.00;12.30;0.00;0.00;85.36
4fbe986;1;2022-04-03 10:32:05 UTC;-1;0.56;0.00;8.17;0.00;0.00;91.27
4fbe986;1;2022-04-03 10:32:06 UTC;-1;1.47;0.00;7.88;0.00;0.00;90.65
4fbe986;1;2022-04-03 10:32:07 UTC;-1;0.42;0.00;3.34;0.00;0.00;96.24
4fbe986;1;2022-04-03 10:32:08 UTC;-1;0.59;0.00;3.10;0.00;0.00;96.31
4fbe986;1;2022-04-03 10:32:09 UTC;-1;0.54;0.00;11.05;0.00;0.00;88.41
4fbe986;1;2022-04-03 10:32:10 UTC;-1;1.59;0.00;8.37;0.00;0.00;90.04
4fbe986;1;2022-04-03 10:32:11 UTC;-1;2.03;0.00;8.53;0.00;0.00;89.45
4fbe986;1;2022-04-03 10:32:12 UTC;-1;0.54;0.00;4.88;0.00;0.00;94.57
4fbe986;1;2022-04-03 10:32:13 UTC;-1;0.00;0.00;6.14;0.00;0.00;93.86
4fbe986;1;2022-04-03 10:32:14 UTC;-1;0.25;0.00;0.64;0.00;0.00;99.11
4fbe986;1;2022-04-03 10:32:15 UTC;-1;1.51;0.00;0.50;0.00;0.00;97.99
4fbe986;1;2022-04-03 10:32:16 UTC;-1;0.13;0.00;0.25;0.00;0.00;99.62
4fbe986;1;2022-04-03 10:32:17 UTC;-1;0.12;0.00;0.25;0.00;0.00;99.63
4fbe986;1;2022-04-03 10:32:18 UTC;-1;0.25;0.00;0.12;0.00;0.00;99.62
4fbe986;1;2022-04-03 10:32:19 UTC;-1;0.65;0.00;2.34;0.00;0.00;97.01
4fbe986;1;2022-04-03 10:32:20 UTC;-1;0.39;0.00;1.83;0.00;0.00;97.78
4fbe986;1;2022-04-03 10:32:21 UTC;-1;0.92;0.00;2.49;0.00;0.00;96.59
4fbe986;1;2022-04-03 10:32:22 UTC;-1;0.14;0.00;3.03;0.00;0.00;96.82
4fbe986;1;2022-04-03 10:32:23 UTC;-1;0.14;0.00;5.93;0.00;0.00;93.93
4fbe986;1;2022-04-03 10:32:24 UTC;-1;0.14;0.00;5.26;0.00;0.00;94.60
4fbe986;1;2022-04-03 10:32:25 UTC;-1;0.00;0.00;4.32;0.00;0.00;95.68
4fbe986;1;2022-04-03 10:32:26 UTC;-1;0.00;0.00;3.76;0.00;0.00;96.24
4fbe986;1;2022-04-03 10:32:27 UTC;-1;0.00;0.00;3.64;0.00;0.00;96.36
4fbe986;1;2022-04-03 10:32:28 UTC;-1;0.14;0.00;6.06;0.00;0.00;93.79
4fbe986;1;2022-04-03 10:32:29 UTC;-1;0.28;0.00;1.84;0.00;0.00;97.87
4fbe986;1;2022-04-03 10:32:30 UTC;-1;0.00;0.00;1.00;0.00;0.00;99.00
4fbe986;1;2022-04-03 10:32:31 UTC;-1;0.41;0.00;3.04;0.00;0.00;96.54
4fbe986;1;2022-04-03 10:32:32 UTC;-1;1.38;0.00;1.38;0.00;0.00;97.24
4fbe986;1;2022-04-03 10:32:33 UTC;-1;2.75;0.00;1.00;0.25;0.00;96.00
4fbe986;1;2022-04-03 10:32:34 UTC;-1;0.62;0.00;0.50;0.00;0.00;98.88
4fbe986;1;2022-04-03 10:32:35 UTC;-1;0.38;0.00;0.12;0.00;0.00;99.50
4fbe986;1;2022-04-03 10:32:36 UTC;-1;0.13;0.00;1.40;0.00;0.00;98.47
4fbe986;1;2022-04-03 10:32:37 UTC;-1;0.26;0.00;1.57;0.00;0.00;98.17
4fbe986;1;2022-04-03 10:32:38 UTC;-1;0.00;0.00;1.31;0.13;0.00;98.55
4fbe986;1;2022-04-03 10:32:39 UTC;-1;0.53;0.00;4.13;0.00;0.00;95.34
4fbe986;1;2022-04-03 10:32:40 UTC;-1;1.51;0.00;7.67;0.00;0.00;90.82
4fbe986;1;2022-04-03 10:32:41 UTC;-1;1.88;0.00;8.61;0.00;0.00;89.50
4fbe986;1;2022-04-03 10:32:42 UTC;-1;0.83;0.00;4.96;0.00;0.00;94.21
4fbe986;1;2022-04-03 10:32:43 UTC;-1;1.17;0.00;9.27;0.00;0.00;89.56
4fbe986;1;2022-04-03 10:32:44 UTC;-1;0.42;0.00;2.69;0.00;0.00;96.88
4fbe986;1;2022-04-03 10:32:45 UTC;-1;0.56;0.00;4.45;0.00;0.00;94.99
4fbe986;1;2022-04-03 10:32:46 UTC;-1;0.69;0.00;2.75;0.00;0.00;96.56
4fbe986;1;2022-04-03 10:32:47 UTC;-1;0.27;0.00;2.15;0.00;0.00;97.58
4fbe986;1;2022-04-03 10:32:48 UTC;-1;0.41;0.00;0.96;0.00;0.00;98.63
4fbe986;1;2022-04-03 10:32:49 UTC;-1;0.39;0.00;1.57;0.00;0.00;98.04
4fbe986;1;2022-04-03 10:32:50 UTC;-1;1.50;0.00;0.38;0.00;0.00;98.12
4fbe986;1;2022-04-03 10:32:51 UTC;-1;0.50;0.00;0.75;0.00;0.00;98.75
4fbe986;1;2022-04-03 10:32:52 UTC;-1;0.13;0.00;0.13;0.00;0.00;99.75
4fbe986;1;2022-04-03 10:32:53 UTC;-1;0.12;0.00;0.25;0.00;0.00;99.63
4fbe986;1;2022-04-03 10:32:54 UTC;-1;0.13;0.00;0.40;0.00;0.00;99.46
4fbe986;1;2022-04-03 10:32:55 UTC;-1;0.00;0.00;0.68;0.00;0.00;99.32
4fbe986;1;2022-04-03 10:32:56 UTC;-1;0.00;0.00;0.68;0.00;0.00;99.32
4fbe986;1;2022-04-03 10:32:57 UTC;-1;0.15;0.00;2.75;0.00;0.00;97.09
4fbe986;1;2022-04-03 10:32:58 UTC;-1;0.15;0.00;6.14;0.00;0.00;93.71
4fbe986;1;2022-04-03 10:32:59 UTC;-1;0.15;0.00;4.19;0.00;0.00;95.67
4fbe986;1;2022-04-03 10:33:00 UTC;-1;0.30;0.00;2.88;0.00;0.00;96.81
4fbe986;1;2022-04-03 10:33:01 UTC;-1;0.68;0.00;9.51;0.00;0.00;89.81
4fbe986;1;2022-04-03 10:33:02 UTC;-1;1.78;0.00;10.31;0.00;0.00;87.91
4fbe986;1;2022-04-03 10:33:03 UTC;-1;1.96;0.00;8.37;0.00;0.00;89.67
4fbe986;1;2022-04-03 10:33:04 UTC;-1;2.87;0.00;6.00;0.00;0.00;91.13
4fbe986;1;2022-04-03 10:33:05 UTC;-1;0.54;0.00;1.49;0.00;0.00;97.97
4fbe986;1;2022-04-03 10:33:06 UTC;-1;0.80;0.00;2.65;0.00;0.00;96.55
4fbe986;1;2022-04-03 10:33:07 UTC;-1;1.50;0.00;0.88;0.00;0.00;97.62
4fbe986;1;2022-04-03 10:33:08 UTC;-1;0.63;0.00;0.00;0.00;0.00;99.37
4fbe986;1;2022-04-03 10:33:09 UTC;-1;0.25;0.00;0.25;0.00;0.00;99.50
4fbe986;1;2022-04-03 10:33:10 UTC;-1;0.00;0.00;0.13;0.00;0.00;99.87
4fbe986;1;2022-04-03 10:33:11 UTC;-1;0.00;0.00;0.38;0.00;0.00;99.62
4fbe986;1;2022-04-03 10:33:12 UTC;-1;0.00;0.00;0.39;0.00;0.00;99.61
4fbe986;1;2022-04-03 10:33:13 UTC;-1;0.13;0.00;0.39;0.00;0.00;99.48
4fbe986;1;2022-04-03 10:33:14 UTC;-1;0.28;0.00;1.10;0.00;0.00;98.62
4fbe986;1;2022-04-03 10:33:15 UTC;-1;0.14;0.00;2.03;0.00;0.00;97.83
4fbe986;1;2022-04-03 10:33:16 UTC;-1;0.43;0.00;2.30;0.00;0.00;97.27
4fbe986;1;2022-04-03 10:33:17 UTC;-1;0.29;0.00;3.00;0.00;0.00;96.72
4fbe986;1;2022-04-03 10:33:18 UTC;-1;0.44;0.00;1.46;0.00;0.00;98.11
4fbe986;1;2022-04-03 10:33:19 UTC;-1;0.15;0.00;1.46;0.00;0.00;98.39
4fbe986;1;2022-04-03 10:33:20 UTC;-1;0.43;0.00;2.02;0.00;0.00;97.54
4fbe986;1;2022-04-03 10:33:21 UTC;-1;0.84;0.00;1.97;0.00;0.00;97.19
4fbe986;1;2022-04-03 10:33:22 UTC;-1;0.14;0.00;1.65;0.00;0.00;98.21
4fbe986;1;2022-04-03 10:33:23 UTC;-1;0.27;0.00;1.78;0.00;0.00;97.95
4fbe986;1;2022-04-03 10:33:24 UTC;-1;0.39;0.00;0.79;0.00;0.00;98.82
4fbe986;1;2022-04-03 10:33:25 UTC;-1;1.62;0.00;0.50;0.00;0.00;97.88
4fbe986;1;2022-04-03 10:33:26 UTC;-1;0.00;0.00;0.13;0.00;0.00;99.87
4fbe986;1;2022-04-03 10:33:27 UTC;-1;0.12;0.00;0.25;0.00;0.00;99.63
4fbe986;1;2022-04-03 10:33:28 UTC;-1;0.00;0.00;0.00;0.00;0.00;100.00
4fbe986;1;2022-04-03 10:33:29 UTC;-1;0.13;0.00;1.71;0.00;0.00;98.16
4fbe986;1;2022-04-03 10:33:30 UTC;-1;0.13;0.00;1.45;0.00;0.00;98.42
4fbe986;1;2022-04-03 10:33:31 UTC;-1;0.52;0.00;1.96;0.00;0.00;97.52
4fbe986;1;2022-04-03 10:33:32 UTC;-1;0.28;0.00;5.77;0.00;0.00;93.94
4fbe986;1;2022-04-03 10:33:33 UTC;-1;0.14;0.00;9.31;0.00;0.00;90.56
4fbe986;1;2022-04-03 10:33:34 UTC;-1;3.50;0.00;13.21;0.27;0.00;83.02
4fbe986;1;2022-04-03 10:33:35 UTC;-1;0.58;0.00;4.81;0.00;0.00;94.61
4fbe986;1;2022-04-03 10:33:36 UTC;-1;0.44;0.00;3.84;0.00;0.00;95.72
4fbe986;1;2022-04-03 10:33:37 UTC;-1;0.58;0.00;4.65;0.00;0.00;94.77
4fbe986;1;2022-04-03 10:33:38 UTC;-1;0.29;0.00;6.88;0.00;0.00;92.84
4fbe986;1;2022-04-03 10:33:39 UTC;-1;0.28;0.00;2.92;0.00;0.00;96.81
4fbe986;1;2022-04-03 10:33:40 UTC;-1;0.56;0.00;2.09;0.00;0.00;97.35
4fbe986;1;2022-04-03 10:33:41 UTC;-1;0.69;0.00;3.44;0.00;0.00;95.87
4fbe986;1;2022-04-03 10:33:42 UTC;-1;0.25;0.00;1.26;0.00;0.00;98.49
4fbe986;1;2022-04-03 10:33:43 UTC;-1;1.75;0.00;0.88;0.00;0.00;97.37
4fbe986;1;2022-04-03 10:33:44 UTC;-1;0.00;0.00;0.13;0.00;0.00;99.87
4fbe986;1;2022-04-03 10:33:45 UTC;-1;0.00;0.00;0.25;0.00;0.00;99.75
4fbe986;1;2022-04-03 10:33:46 UTC;-1;0.39;0.00;0.64;0.00;0.00;98.97
4fbe986;1;2022-04-03 10:33:47 UTC;-1;0.13;0.00;0.94;0.00;0.00;98.92
4fbe986;1;2022-04-03 10:33:48 UTC;-1;0.13;0.00;0.94;0.00;0.00;98.92
4fbe986;1;2022-04-03 10:33:49 UTC;-1;0.00;0.00;2.66;0.00;0.00;97.34
4fbe986;1;2022-04-03 10:33:50 UTC;-1;0.72;0.00;8.68;0.00;0.00;90.59
4fbe986;1;2022-04-03 10:33:51 UTC;-1;0.87;0.00;8.56;0.00;0.00;90.57
4fbe986;1;2022-04-03 10:33:52 UTC;-1;0.57;0.00;10.37;0.00;0.00;89.06
4fbe986;1;2022-04-03 10:33:53 UTC;-1;0.74;0.00;6.23;0.00;0.00;93.03
4fbe986;1;2022-04-03 10:33:54 UTC;-1;0.74;0.00;6.79;0.00;0.00;92.47
4fbe986;1;2022-04-03 10:33:55 UTC;-1;0.83;0.00;12.31;0.00;0.00;86.86
4fbe986;1;2022-04-03 10:33:56 UTC;-1;0.86;0.00;5.32;0.00;0.00;93.82
4fbe986;1;2022-04-03 10:33:57 UTC;-1;0.42;0.00;3.37;0.00;0.00;96.21
4fbe986;1;2022-04-03 10:33:58 UTC;-1;0.56;0.00;3.78;0.00;0.00;95.66
4fbe986;1;2022-04-03 10:33:59 UTC;-1;0.40;0.00;2.94;0.00;0.00;96.66
4fbe986;1;2022-04-03 10:34:00 UTC;-1;1.13;0.00;0.75;0.00;0.00;98.12
4fbe986;1;2022-04-03 10:34:01 UTC;-1;1.00;0.00;0.38;0.00;0.00;98.62
4fbe986;1;2022-04-03 10:34:02 UTC;-1;0.00;0.00;0.12;0.00;0.00;99.88
4fbe986;1;2022-04-03 10:34:03 UTC;-1;0.00;0.00;0.50;0.00;0.00;99.50
4fbe986;1;2022-04-03 10:34:04 UTC;-1;3.59;0.00;3.72;0.00;0.00;92.69
4fbe986;1;2022-04-03 10:34:05 UTC;-1;0.13;0.00;1.34;0.00;0.00;98.52
4fbe986;1;2022-04-03 10:34:06 UTC;-1;0.40;0.00;1.75;0.00;0.00;97.85
4fbe986;1;2022-04-03 10:34:07 UTC;-1;1.04;0.00;6.72;0.00;0.00;92.24
4fbe986;1;2022-04-03 10:34:08 UTC;-1;0.60;0.00;8.57;0.00;0.00;90.83
4fbe986;1;2022-04-03 10:34:09 UTC;-1;0.90;0.00;8.82;0.00;0.00;90.28
4fbe986;1;2022-04-03 10:34:10 UTC;-1;1.83;0.00;7.77;1.07;0.00;89.33
4fbe986;1;2022-04-03 10:34:11 UTC;-1;5.34;0.00;18.88;0.55;0.00;75.24
4fbe986;1;2022-04-03 10:34:12 UTC;-1;1.05;0.00;8.70;0.00;0.00;90.25
4fbe986;1;2022-04-03 10:34:13 UTC;-1;0.61;0.00;6.72;0.00;0.00;92.67
4fbe986;1;2022-04-03 10:34:14 UTC;-1;0.28;0.00;5.06;0.00;0.00;94.66
4fbe986;1;2022-04-03 10:34:15 UTC;-1;0.56;0.00;5.46;0.00;0.00;93.98
4fbe986;1;2022-04-03 10:34:16 UTC;-1;0.56;0.00;4.20;0.00;0.00;95.24
4fbe986;1;2022-04-03 10:34:17 UTC;-1;0.13;0.00;0.51;0.00;0.00;99.37
4fbe986;1;2022-04-03 10:34:18 UTC;-1;1.63;0.00;0.63;0.00;0.00;97.74
4fbe986;1;2022-04-03 10:34:19 UTC;-1;0.12;0.00;0.37;0.00;0.00;99.50
4fbe986;1;2022-04-03 10:34:20 UTC;-1;0.00;0.00;0.25;0.00;0.00;99.75
4fbe986;1;2022-04-03 10:34:21 UTC;-1;0.52;0.00;1.43;0.00;0.00;98.05
4fbe986;1;2022-04-03 10:34:22 UTC;-1;0.27;0.00;2.01;0.00;0.00;97.72
4fbe986;1;2022-04-03 10:34:23 UTC;-1;0.13;0.00;1.35;0.00;0.00;98.52
4fbe986;1;2022-04-03 10:34:24 UTC;-1;0.28;0.00;3.84;0.00;0.00;95.88
4fbe986;1;2022-04-03 10:34:25 UTC;-1;0.78;0.00;9.32;0.00;0.00;89.91
4fbe986;1;2022-04-03 10:34:26 UTC;-1;0.62;0.00;9.94;0.00;0.00;89.44
4fbe986;1;2022-04-03 10:34:27 UTC;-1;0.47;0.00;9.39;0.00;0.00;90.14
4fbe986;1;2022-04-03 10:34:28 UTC;-1;1.13;0.00;7.25;0.00;0.00;91.63
4fbe986;1;2022-04-03 10:34:29 UTC;-1;0.81;0.00;6.50;0.00;0.00;92.68
4fbe986;1;2022-04-03 10:34:30 UTC;-1;0.62;0.00;9.06;0.00;0.00;90.31
4fbe986;1;2022-04-03 10:34:31 UTC;-1;1.05;0.00;7.53;0.00;0.00;91.42
4fbe986;1;2022-04-03 10:34:32 UTC;-1;0.29;0.00;2.65;0.00;0.00;97.05
4fbe986;1;2022-04-03 10:34:33 UTC;-1;0.44;0.00;4.06;0.00;0.00;95.50
4fbe986;1;2022-04-03 10:34:34 UTC;-1;3.61;0.00;6.43;0.00;0.00;89.96
4fbe986;1;2022-04-03 10:34:35 UTC;-1;1.63;0.00;0.50;0.00;0.00;97.87
4fbe986;1;2022-04-03 10:34:36 UTC;-1;0.37;0.00;0.12;0.00;0.00;99.50
4fbe986;1;2022-04-03 10:34:37 UTC;-1;0.38;0.00;0.38;0.00;0.00;99.25
4fbe986;1;2022-04-03 10:34:38 UTC;-1;0.00;0.00;0.38;0.00;0.00;99.62
4fbe986;1;2022-04-03 10:34:39 UTC;-1;0.27;0.00;1.36;0.00;0.00;98.37
4fbe986;1;2022-04-03 10:34:40 UTC;-1;0.67;0.00;1.08;0.00;0.00;98.25
4fbe986;1;2022-04-03 10:34:41 UTC;-1;0.27;0.00;2.30;0.00;0.00;97.43
4fbe986;1;2022-04-03 10:34:42 UTC;-1;0.28;0.00;2.70;0.00;0.00;97.02
4fbe986;1;2022-04-03 10:34:43 UTC;-1;0.45;0.00;3.27;0.00;0.00;96.29
4fbe986;1;2022-04-03 10:34:44 UTC;-1;0.58;0.00;4.80;0.00;0.00;94.61
4fbe986;1;2022-04-03 10:34:45 UTC;-1;0.15;0.00;4.83;0.00;0.00;95.02
4fbe986;1;2022-04-03 10:34:46 UTC;-1;0.87;0.00;4.65;0.00;0.00;94.48
4fbe986;1;2022-04-03 10:34:47 UTC;-1;0.44;0.00;4.68;0.00;0.00;94.88
4fbe986;1;2022-04-03 10:34:48 UTC;-1;0.73;0.00;3.79;0.00;0.00;95.48
4fbe986;1;2022-04-03 10:34:49 UTC;-1;0.27;0.00;1.36;0.00;0.00;98.37
4fbe986;1;2022-04-03 10:34:50 UTC;-1;0.40;0.00;1.88;0.00;0.00;97.71
4fbe986;1;2022-04-03 10:34:51 UTC;-1;0.53;0.00;3.83;0.00;0.00;95.64
4fbe986;1;2022-04-03 10:34:52 UTC;-1;0.26;0.00;1.16;0.00;0.00;98.58
4fbe986;1;2022-04-03 10:34:53 UTC;-1;0.00;0.00;0.13;0.00;0.00;99.87
4fbe986;1;2022-04-03 10:34:54 UTC;-1;0.00;0.00;0.13;0.00;0.00;99.87
4fbe986;1;2022-04-03 10:34:55 UTC;-1;0.12;0.00;0.12;0.00;0.00;99.75
4fbe986;1;2022-04-03 10:34:56 UTC;-1;0.26;0.00;0.51;0.00;0.00;99.23
4fbe986;1;2022-04-03 10:34:57 UTC;-1;0.27;0.00;1.22;0.00;0.00;98.51
4fbe986;1;2022-04-03 10:34:58 UTC;-1;0.14;0.00;1.35;0.00;0.00;98.51
4fbe986;1;2022-04-03 10:34:59 UTC;-1;0.27;0.00;0.95;0.00;0.00;98.78
4fbe986;1;2022-04-03 10:35:00 UTC;-1;0.27;0.00;0.82;0.00;0.00;98.91
4fbe986;1;2022-04-03 10:35:01 UTC;-1;0.41;0.00;1.90;0.00;0.00;97.70
4fbe986;1;2022-04-03 10:35:02 UTC;-1;0.14;0.00;1.09;0.00;0.00;98.78
4fbe986;1;2022-04-03 10:35:03 UTC;-1;0.27;0.00;1.49;0.00;0.00;98.24
4fbe986;1;2022-04-03 10:35:04 UTC;-1;3.19;0.00;4.79;0.27;0.00;91.76
4fbe986;1;2022-04-03 10:35:05 UTC;-1;0.41;0.00;1.35;0.00;0.00;98.24
4fbe986;1;2022-04-03 10:35:06 UTC;-1;0.40;0.00;0.93;0.00;0.00;98.67
4fbe986;1;2022-04-03 10:35:07 UTC;-1;1.50;0.00;0.75;0.00;0.00;97.74
4fbe986;1;2022-04-03 10:35:08 UTC;-1;0.25;0.00;0.25;0.00;0.00;99.50
4fbe986;1;2022-04-03 10:35:09 UTC;-1;0.00;0.00;0.13;0.00;0.00;99.87
4fbe986;1;2022-04-03 10:35:10 UTC;-1;0.00;0.00;0.37;0.00;0.00;99.63
4fbe986;1;2022-04-03 10:35:11 UTC;-1;0.75;0.00;0.50;0.00;0.00;98.75
4fbe986;1;2022-04-03 10:35:12 UTC;-1;0.00;0.00;0.25;0.00;0.00;99.75
4fbe986;1;2022-04-03 10:35:13 UTC;-1;0.00;0.00;0.25;0.00;0.00;99.75
4fbe986;1;2022-04-03 10:35:14 UTC;-1;0.39;0.00;0.79;0.00;0.00;98.82
4fbe986;1;2022-04-03 10:35:15 UTC;-1;0.26;0.00;1.71;0.00;0.00;98.03
4fbe986;1;2022-04-03 10:35:16 UTC;-1;0.26;0.00;1.45;0.00;0.00;98.28
4fbe986;1;2022-04-03 10:35:17 UTC;-1;0.65;0.00;2.22;0.00;0.00;97.13
4fbe986;1;2022-04-03 10:35:18 UTC;-1;0.52;0.00;1.69;0.00;0.00;97.80
4fbe986;1;2022-04-03 10:35:19 UTC;-1;0.39;0.00;1.71;0.00;0.00;97.90
4fbe986;1;2022-04-03 10:35:20 UTC;-1;0.39;0.00;1.58;0.00;0.00;98.03
4fbe986;1;2022-04-03 10:35:21 UTC;-1;1.02;0.00;4.21;0.00;0.00;94.76
4fbe986;1;2022-04-03 10:35:22 UTC;-1;0.40;0.00;1.19;0.00;0.00;98.41
4fbe986;1;2022-04-03 10:35:23 UTC;-1;0.26;0.00;1.84;0.00;0.00;97.90
4fbe986;1;2022-04-03 10:35:24 UTC;-1;0.38;0.00;0.38;0.00;0.00;99.25
4fbe986;1;2022-04-03 10:35:25 UTC;-1;0.00;0.00;0.13;0.00;0.00;99.87
4fbe986;1;2022-04-03 10:35:26 UTC;-1;0.00;0.00;0.00;0.00;0.00;100.00
4fbe986;1;2022-04-03 10:35:27 UTC;-1;0.00;0.00;0.25;0.00;0.00;99.75
4fbe986;1;2022-04-03 10:35:28 UTC;-1;0.25;0.00;0.25;0.00;0.00;99.50
4fbe986;1;2022-04-03 10:35:29 UTC;-1;0.13;0.00;0.13;0.00;0.00;99.75
4fbe986;1;2022-04-03 10:35:30 UTC;-1;0.00;0.00;0.13;0.00;0.00;99.87
4fbe986;1;2022-04-03 10:35:31 UTC;-1;1.00;0.00;0.62;0.00;0.00;98.38
4fbe986;1;2022-04-03 10:35:32 UTC;-1;0.00;0.00;0.13;0.00;0.00;99.87
4fbe986;1;2022-04-03 10:35:33 UTC;-1;0.25;0.00;0.13;0.00;0.00;99.62
4fbe986;1;2022-04-03 10:35:34 UTC;-1;3.12;0.00;1.37;0.12;0.00;95.39
4fbe986;1;2022-04-03 10:35:35 UTC;-1;0.25;0.00;0.25;0.00;0.00;99.50
4fbe986;1;2022-04-03 10:35:36 UTC;-1;0.25;0.00;0.25;0.00;0.00;99.50
4fbe986;1;2022-04-03 10:35:37 UTC;-1;3.38;0.00;1.38;0.12;0.00;95.12
4fbe986;1;2022-04-03 10:35:38 UTC;-1;0.25;0.00;0.25;0.00;0.00;99.50
4fbe986;1;2022-04-03 10:35:39 UTC;-1;0.00;0.00;0.13;0.00;0.00;99.87
4fbe986;1;2022-04-03 10:35:40 UTC;-1;0.00;0.00;0.13;0.00;0.00;99.87
4fbe986;1;2022-04-03 10:35:41 UTC;-1;0.50;0.00;0.50;0.00;0.00;99.00
4fbe986;1;2022-04-03 10:35:42 UTC;-1;0.13;0.00;0.00;0.00;0.00;99.87
4fbe986;1;2022-04-03 10:35:43 UTC;-1;0.00;0.00;0.25;0.00;0.00;99.75
4fbe986;1;2022-04-03 10:35:44 UTC;-1;0.00;0.00;0.00;0.00;0.00;100.00
4fbe986;1;2022-04-03 10:35:45 UTC;-1;0.37;0.00;0.50;0.00;0.00;99.13
4fbe986;1;2022-04-03 10:35:46 UTC;-1;0.00;0.00;0.00;0.00;0.00;100.00
4fbe986;1;2022-04-03 10:35:47 UTC;-1;0.12;0.00;0.25;0.00;0.00;99.63
4fbe986;1;2022-04-03 10:35:48 UTC;-1;0.12;0.00;0.25;0.12;0.00;99.50
4fbe986;1;2022-04-03 10:35:49 UTC;-1;0.13;0.00;0.00;0.00;0.00;99.87
4fbe986;1;2022-04-03 10:35:50 UTC;-1;0.00;0.00;0.12;0.00;0.00;99.88
4fbe986;1;2022-04-03 10:35:51 UTC;-1;0.62;0.00;0.87;0.00;0.00;98.51
4fbe986;1;2022-04-03 10:35:52 UTC;-1;0.00;0.00;0.13;0.00;0.00;99.87
4fbe986;1;2022-04-03 10:35:53 UTC;-1;0.00;0.00;0.13;0.00;0.00;99.87
4fbe986;1;2022-04-03 10:35:54 UTC;-1;0.25;0.00;0.12;0.00;0.00;99.63
4fbe986;1;2022-04-03 10:35:55 UTC;-1;0.00;0.00;0.13;0.00;0.00;99.87
4fbe986;1;2022-04-03 10:35:56 UTC;-1;0.00;0.00;0.13;0.00;0.00;99.87
4fbe986;1;2022-04-03 10:35:57 UTC;-1;0.12;0.00;0.12;0.00;0.00;99.75
4fbe986;1;2022-04-03 10:35:58 UTC;-1;0.12;0.00;0.12;0.00;0.00;99.75
4fbe986;1;2022-04-03 10:35:59 UTC;-1;0.25;0.00;0.13;0.00;0.00;99.62
4fbe986;1;2022-04-03 10:36:00 UTC;-1;0.00;0.00;0.13;0.00;0.00;99.87
4fbe986;1;2022-04-03 10:36:01 UTC;-1;0.63;0.00;0.88;0.00;0.00;98.50
4fbe986;1;2022-04-03 10:36:02 UTC;-1;0.25;0.00;0.12;0.00;0.00;99.63
4fbe986;1;2022-04-03 10:36:03 UTC;-1;0.00;0.00;0.13;0.00;0.00;99.87
4fbe986;1;2022-04-03 10:36:04 UTC;-1;3.00;0.00;1.50;0.12;0.00;95.38
4fbe986;1;2022-04-03 10:36:05 UTC;-1;0.12;0.00;0.12;0.00;0.00;99.75
4fbe986;1;2022-04-03 10:36:06 UTC;-1;0.38;0.00;0.12;0.00;0.00;99.50
4fbe986;1;2022-04-03 10:36:07 UTC;-1;0.00;0.00;0.13;0.00;0.00;99.87
4fbe986;1;2022-04-03 10:36:08 UTC;-1;0.13;0.00;0.25;0.00;0.00;99.62
4fbe986;1;2022-04-03 10:36:09 UTC;-1;0.00;0.00;0.25;0.00;0.00;99.75
4fbe986;1;2022-04-03 10:36:10 UTC;-1;0.00;0.00;0.13;0.00;0.00;99.87
4fbe986;1;2022-04-03 10:36:11 UTC;-1;0.25;0.00;0.63;0.00;0.00;99.12
4fbe986;1;2022-04-03 10:36:12 UTC;-1;0.00;0.00;0.13;0.00;0.00;99.87
4fbe986;1;2022-04-03 10:36:13 UTC;-1;0.00;0.00;0.12;0.00;0.00;99.88
4fbe986;1;2022-04-03 10:36:14 UTC;-1;0.12;0.00;0.25;0.00;0.00;99.62
4fbe986;1;2022-04-03 10:36:15 UTC;-1;0.12;0.00;0.12;0.00;0.00;99.75
4fbe986;1;2022-04-03 10:36:16 UTC;-1;0.00;0.00;0.25;0.00;0.00;99.75
4fbe986;1;2022-04-03 10:36:17 UTC;-1;0.13;0.00;0.00;0.00;0.00;99.87
4fbe986;1;2022-04-03 10:36:18 UTC;-1;0.87;0.00;0.25;0.00;0.00;98.88
4fbe986;1;2022-04-03 10:36:19 UTC;-1;0.00;0.00;0.37;0.00;0.00;99.63
4fbe986;1;2022-04-03 10:36:20 UTC;-1;0.00;0.00;0.13;0.00;0.00;99.87
4fbe986;1;2022-04-03 10:36:21 UTC;-1;0.62;0.00;0.62;0.00;0.00;98.75
4fbe986;1;2022-04-03 10:36:22 UTC;-1;0.00;0.00;0.13;0.00;0.00;99.87
4fbe986;1;2022-04-03 10:36:23 UTC;-1;0.00;0.00;0.25;0.00;0.00;99.75
4fbe986;1;2022-04-03 10:36:24 UTC;-1;0.00;0.00;0.13;0.00;0.00;99.87
4fbe986;1;2022-04-03 10:36:25 UTC;-1;0.37;0.00;0.12;0.00;0.00;99.50
4fbe986;1;2022-04-03 10:36:26 UTC;-1;0.00;0.00;0.25;0.00;0.00;99.75
4fbe986;1;2022-04-03 10:36:27 UTC;-1;0.12;0.00;0.00;0.00;0.00;99.88
4fbe986;1;2022-04-03 10:36:28 UTC;-1;0.13;0.00;0.13;0.00;0.00;99.75
4fbe986;1;2022-04-03 10:36:29 UTC;-1;0.00;0.00;0.25;0.00;0.00;99.75
4fbe986;1;2022-04-03 10:36:30 UTC;-1;0.00;0.00;0.25;0.00;0.00;99.75
4fbe986;1;2022-04-03 10:36:31 UTC;-1;0.50;0.00;0.38;0.00;0.00;99.12
4fbe986;1;2022-04-03 10:36:32 UTC;-1;0.00;0.00;0.25;0.00;0.00;99.75
4fbe986;1;2022-04-03 10:36:33 UTC;-1;0.13;0.00;0.13;0.00;0.00;99.75
4fbe986;1;2022-04-03 10:36:34 UTC;-1;1.50;0.00;0.75;0.00;0.00;97.75
4fbe986;1;2022-04-03 10:36:35 UTC;-1;2.50;0.00;1.00;0.12;0.00;96.38
4fbe986;1;2022-04-03 10:36:36 UTC;-1;0.38;0.00;0.12;0.00;0.00;99.50
4fbe986;1;2022-04-03 10:36:37 UTC;-1;0.62;0.00;0.25;0.00;0.00;99.13
4fbe986;1;2022-04-03 10:36:38 UTC;-1;0.13;0.00;0.00;0.00;0.00;99.87
4fbe986;1;2022-04-03 10:36:39 UTC;-1;0.00;0.00;0.25;0.00;0.00;99.75
4fbe986;1;2022-04-03 10:36:40 UTC;-1;0.00;0.00;0.00;0.00;0.00;100.00
4fbe986;1;2022-04-03 10:36:41 UTC;-1;0.50;0.00;0.63;0.00;0.00;98.87
4fbe986;1;2022-04-03 10:36:42 UTC;-1;0.12;0.00;0.12;0.00;0.00;99.75
4fbe986;1;2022-04-03 10:36:43 UTC;-1;0.00;0.00;0.00;0.00;0.00;100.00
4fbe986;1;2022-04-03 10:36:44 UTC;-1;0.25;0.00;0.25;0.00;0.00;99.50
4fbe986;1;2022-04-03 10:36:45 UTC;-1;0.00;0.00;0.13;0.00;0.00;99.87
4fbe986;1;2022-04-03 10:36:46 UTC;-1;0.12;0.00;0.12;0.00;0.00;99.75
4fbe986;1;2022-04-03 10:36:47 UTC;-1;0.00;0.00;0.25;0.00;0.00;99.75
4fbe986;1;2022-04-03 10:36:48 UTC;-1;0.37;0.00;0.25;0.00;0.00;99.38
4fbe986;1;2022-04-03 10:36:49 UTC;-1;0.00;0.00;0.13;0.00;0.00;99.87
4fbe986;1;2022-04-03 10:36:50 UTC;-1;0.12;0.00;0.12;0.00;0.00;99.75
4fbe986;1;2022-04-03 10:36:51 UTC;-1;0.50;0.00;0.50;0.00;0.00;99.00
4fbe986;1;2022-04-03 10:36:52 UTC;-1;0.00;0.00;0.25;0.00;0.00;99.75
4fbe986;1;2022-04-03 10:36:53 UTC;-1;0.00;0.00;0.25;0.00;0.00;99.75
4fbe986;1;2022-04-03 10:36:54 UTC;-1;0.25;0.00;0.12;0.00;0.00;99.63
4fbe986;1;2022-04-03 10:36:55 UTC;-1;0.13;0.00;0.13;0.00;0.00;99.75
4fbe986;1;2022-04-03 10:36:56 UTC;-1;0.00;0.00;0.25;0.12;0.00;99.63
4fbe986;1;2022-04-03 10:36:57 UTC;-1;0.13;0.00;0.13;0.00;0.00;99.75
4fbe986;1;2022-04-03 10:36:58 UTC;-1;0.00;0.00;0.13;0.00;0.00;99.87
4fbe986;1;2022-04-03 10:36:59 UTC;-1;0.00;0.00;0.13;0.00;0.00;99.87
4fbe986;618;2022-04-03 10:47:17 UTC;-1;0.27;0.00;0.13;0.01;0.00;99.59
4fbe986;1;2022-04-03 10:47:18 UTC;-1;1.00;0.00;0.25;0.00;0.00;98.75
4fbe986;1;2022-04-03 10:47:19 UTC;-1;0.13;0.00;0.38;0.00;0.00;99.49
4fbe986;1;2022-04-03 10:47:20 UTC;-1;0.27;0.00;0.66;0.00;0.00;99.07
4fbe986;1;2022-04-03 10:47:21 UTC;-1;1.84;0.00;7.50;0.00;0.00;90.66
4fbe986;1;2022-04-03 10:47:22 UTC;-1;2.21;0.00;12.08;0.00;0.00;85.71
4fbe986;1;2022-04-03 10:47:23 UTC;-1;1.49;0.00;6.77;0.00;0.00;91.75
4fbe986;1;2022-04-03 10:47:24 UTC;-1;0.82;0.00;6.40;0.00;0.00;92.78
4fbe986;1;2022-04-03 10:47:25 UTC;-1;3.63;0.00;14.39;0.00;0.00;81.98
4fbe986;1;2022-04-03 10:47:26 UTC;-1;3.28;0.00;18.45;0.00;0.00;78.28
4fbe986;1;2022-04-03 10:47:27 UTC;-1;2.09;0.00;13.46;0.00;0.00;84.44
4fbe986;1;2022-04-03 10:47:28 UTC;-1;2.24;0.00;18.01;0.00;0.00;79.75
4fbe986;1;2022-04-03 10:47:29 UTC;-1;1.44;0.00;12.83;0.00;0.00;85.73
4fbe986;1;2022-04-03 10:47:30 UTC;-1;1.08;0.00;5.52;0.00;0.00;93.41
4fbe986;1;2022-04-03 10:47:31 UTC;-1;0.77;0.00;3.85;0.00;0.00;95.38
4fbe986;1;2022-04-03 10:47:32 UTC;-1;0.25;0.00;2.02;0.00;0.00;97.72
4fbe986;1;2022-04-03 10:47:33 UTC;-1;1.26;0.00;0.63;0.00;0.00;98.11
4fbe986;1;2022-04-03 10:47:34 UTC;-1;0.12;0.00;0.37;0.00;0.00;99.50
4fbe986;1;2022-04-03 10:47:35 UTC;-1;0.13;0.00;0.13;0.00;0.00;99.75
4fbe986;1;2022-04-03 10:47:36 UTC;-1;0.38;0.00;0.12;0.00;0.00;99.50
4fbe986;1;2022-04-03 10:47:37 UTC;-1;0.13;0.00;0.78;0.00;0.00;99.10
4fbe986;1;2022-04-03 10:47:38 UTC;-1;3.64;0.00;2.34;0.13;0.00;93.89
4fbe986;1;2022-04-03 10:47:39 UTC;-1;0.00;0.00;0.39;0.00;0.00;99.61
4fbe986;1;2022-04-03 10:47:40 UTC;-1;0.13;0.00;0.27;0.00;0.00;99.60
4fbe986;1;2022-04-03 10:47:41 UTC;-1;0.79;0.00;1.06;0.00;0.00;98.15
4fbe986;1;2022-04-03 10:47:42 UTC;-1;0.00;0.00;0.13;0.00;0.00;99.87
4fbe986;1;2022-04-03 10:47:43 UTC;-1;0.13;0.00;0.00;0.00;0.00;99.87
4fbe986;1;2022-04-03 10:47:44 UTC;-1;0.00;0.00;0.27;0.13;0.00;99.60
4fbe986;1;2022-04-03 10:47:45 UTC;-1;0.00;0.00;0.00;0.00;0.00;100.00
4fbe986;1;2022-04-03 10:47:46 UTC;-1;0.00;0.00;0.40;0.00;0.00;99.60
4fbe986;1;2022-04-03 10:47:47 UTC;-1;0.00;0.00;0.26;0.00;0.00;99.74
4fbe986;1;2022-04-03 10:47:48 UTC;-1;0.13;0.00;0.00;0.00;0.00;99.87
4fbe986;1;2022-04-03 10:47:49 UTC;-1;0.00;0.00;0.13;0.00;0.00;99.87
4fbe986;1;2022-04-03 10:47:50 UTC;-1;0.25;0.00;0.50;0.00;0.00;99.25
4fbe986;1;2022-04-03 10:47:51 UTC;-1;1.13;0.00;0.38;0.00;0.00;98.50
4fbe986;1;2022-04-03 10:47:52 UTC;-1;0.13;0.00;0.13;0.00;0.00;99.75
4fbe986;1;2022-04-03 10:47:53 UTC;-1;0.12;0.00;0.25;0.00;0.00;99.62
4fbe986;1;2022-04-03 10:47:54 UTC;-1;0.38;0.00;0.75;0.00;0.00;98.87
4fbe986;1;2022-04-03 10:47:55 UTC;-1;1.51;0.00;4.66;0.00;0.00;93.83
4fbe986;1;2022-04-03 10:47:56 UTC;-1;1.83;0.00;6.78;0.00;0.00;91.40
4fbe986;1;2022-04-03 10:47:57 UTC;-1;0.44;0.00;3.20;0.00;0.00;96.36
4fbe986;1;2022-04-03 10:47:58 UTC;-1;0.45;0.00;1.65;0.00;0.00;97.90
4fbe986;1;2022-04-03 10:47:59 UTC;-1;0.30;0.00;1.36;0.00;0.00;98.34
4fbe986;1;2022-04-03 10:48:00 UTC;-1;0.74;0.00;3.09;0.00;0.00;96.17
4fbe986;1;2022-04-03 10:48:01 UTC;-1;1.31;0.00;4.51;0.00;0.00;94.19
4fbe986;1;2022-04-03 10:48:02 UTC;-1;0.29;0.00;0.71;0.00;0.00;99.00
4fbe986;1;2022-04-03 10:48:03 UTC;-1;0.00;0.00;0.43;0.00;0.00;99.57
4fbe986;1;2022-04-03 10:48:04 UTC;-1;0.29;0.00;0.00;0.00;0.00;99.71
4fbe986;1;2022-04-03 10:48:05 UTC;-1;0.14;0.00;1.35;0.00;0.00;98.51
4fbe986;1;2022-04-03 10:48:06 UTC;-1;0.52;0.00;1.83;0.00;0.00;97.65
4fbe986;1;2022-04-03 10:48:07 UTC;-1;0.13;0.00;0.00;0.00;0.00;99.87
4fbe986;1;2022-04-03 10:48:08 UTC;-1;5.36;0.00;1.37;0.12;0.00;93.14
4fbe986;1;2022-04-03 10:48:09 UTC;-1;0.25;0.00;0.25;0.00;0.00;99.50
4fbe986;1;2022-04-03 10:48:10 UTC;-1;0.00;0.00;0.13;0.00;0.00;99.87
4fbe986;1;2022-04-03 10:48:11 UTC;-1;0.38;0.00;0.38;0.00;0.00;99.25
4fbe986;1;2022-04-03 10:48:12 UTC;-1;0.13;0.00;1.66;0.00;0.00;98.21
4fbe986;1;2022-04-03 10:48:13 UTC;-1;0.00;0.00;1.47;0.00;0.00;98.53
4fbe986;1;2022-04-03 10:48:14 UTC;-1;0.27;0.00;4.12;0.00;0.00;95.61
4fbe986;1;2022-04-03 10:48:15 UTC;-1;0.51;0.00;11.21;0.00;0.00;88.28
4fbe986;1;2022-04-03 10:48:16 UTC;-1;0.26;0.00;10.87;0.00;0.00;88.87
4fbe986;1;2022-04-03 10:48:17 UTC;-1;0.13;0.00;10.93;0.00;0.00;88.95
4fbe986;1;2022-04-03 10:48:18 UTC;-1;0.00;0.00;9.87;0.00;0.00;90.13
4fbe986;1;2022-04-03 10:48:19 UTC;-1;0.00;0.00;12.73;0.00;0.00;87.27
4fbe986;1;2022-04-03 10:48:20 UTC;-1;0.13;0.00;12.16;0.00;0.00;87.72
4fbe986;1;2022-04-03 10:48:21 UTC;-1;0.80;0.00;6.82;0.00;0.00;92.38
4fbe986;1;2022-04-03 10:48:22 UTC;-1;0.40;0.00;4.64;0.00;0.00;94.96
4fbe986;1;2022-04-03 10:48:23 UTC;-1;0.13;0.00;1.45;0.00;0.00;98.42
4fbe986;1;2022-04-03 10:48:24 UTC;-1;0.26;0.00;0.90;0.00;0.00;98.84
4fbe986;1;2022-04-03 10:48:25 UTC;-1;0.25;0.00;0.37;0.00;0.00;99.38
4fbe986;1;2022-04-03 10:48:26 UTC;-1;1.13;0.00;0.75;0.00;0.00;98.12
4fbe986;1;2022-04-03 10:48:27 UTC;-1;0.12;0.00;0.12;0.00;0.00;99.75
4fbe986;1;2022-04-03 10:48:28 UTC;-1;0.00;0.00;0.00;0.00;0.00;100.00
4fbe986;1;2022-04-03 10:48:29 UTC;-1;0.26;0.00;0.64;0.00;0.00;99.11
4fbe986;1;2022-04-03 10:48:30 UTC;-1;0.40;0.00;0.94;0.00;0.00;98.65
4fbe986;1;2022-04-03 10:48:31 UTC;-1;0.28;0.00;3.74;0.00;0.00;95.98
4fbe986;1;2022-04-03 10:48:32 UTC;-1;1.13;0.00;6.67;0.00;0.00;92.20
4fbe986;1;2022-04-03 10:48:33 UTC;-1;0.44;0.00;6.31;0.00;0.00;93.25
4fbe986;1;2022-04-03 10:48:34 UTC;-1;1.01;0.00;7.47;0.00;0.00;91.52
4fbe986;1;2022-04-03 10:48:35 UTC;-1;0.86;0.00;8.13;0.00;0.00;91.01
4fbe986;1;2022-04-03 10:48:36 UTC;-1;1.02;0.00;6.53;0.00;0.00;92.45
4fbe986;1;2022-04-03 10:48:37 UTC;-1;0.44;0.00;5.62;0.00;0.00;93.93
4fbe986;1;2022-04-03 10:48:38 UTC;-1;3.80;0.00;12.75;0.14;0.00;83.31
4fbe986;1;2022-04-03 10:48:39 UTC;-1;0.69;0.00;4.41;0.00;0.00;94.90
4fbe986;1;2022-04-03 10:48:40 UTC;-1;0.92;0.00;4.72;0.00;0.00;94.36
4fbe986;1;2022-04-03 10:48:41 UTC;-1;0.90;0.00;2.69;0.00;0.00;96.42
4fbe986;1;2022-04-03 10:48:42 UTC;-1;0.25;0.00;0.63;0.00;0.00;99.12
4fbe986;1;2022-04-03 10:48:43 UTC;-1;3.02;0.00;0.63;0.00;0.00;96.36
4fbe986;1;2022-04-03 10:48:44 UTC;-1;0.25;0.00;0.37;0.12;0.00;99.25
4fbe986;1;2022-04-03 10:48:45 UTC;-1;0.13;0.00;0.00;0.00;0.00;99.87
4fbe986;1;2022-04-03 10:48:46 UTC;-1;0.13;0.00;0.25;0.00;0.00;99.62
4fbe986;1;2022-04-03 10:48:47 UTC;-1;0.26;0.00;0.92;0.00;0.00;98.81
4fbe986;1;2022-04-03 10:48:48 UTC;-1;0.28;0.00;2.48;0.00;0.00;97.25
4fbe986;1;2022-04-03 10:48:49 UTC;-1;0.42;0.00;2.97;0.00;0.00;96.60
4fbe986;1;2022-04-03 10:48:50 UTC;-1;0.74;0.00;4.17;0.00;0.00;95.09
4fbe986;1;2022-04-03 10:48:51 UTC;-1;1.02;0.00;5.85;0.00;0.00;93.13
4fbe986;1;2022-04-03 10:48:52 UTC;-1;0.58;0.00;4.96;0.00;0.00;94.46
4fbe986;1;2022-04-03 10:48:53 UTC;-1;0.57;0.00;6.45;0.00;0.00;92.98
4fbe986;1;2022-04-03 10:48:54 UTC;-1;0.29;0.00;5.51;0.00;0.00;94.20
4fbe986;1;2022-04-03 10:48:55 UTC;-1;0.72;0.00;5.36;0.00;0.00;93.91
4fbe986;1;2022-04-03 10:48:56 UTC;-1;0.29;0.00;3.98;0.00;0.00;95.72
4fbe986;1;2022-04-03 10:48:57 UTC;-1;0.54;0.00;5.95;0.00;0.00;93.50
4fbe986;1;2022-04-03 10:48:58 UTC;-1;0.13;0.00;1.99;0.00;0.00;97.88
4fbe986;1;2022-04-03 10:48:59 UTC;-1;0.00;0.00;0.39;0.00;0.00;99.61
4fbe986;1;2022-04-03 10:49:00 UTC;-1;0.12;0.00;0.25;0.00;0.00;99.62
4fbe986;1;2022-04-03 10:49:01 UTC;-1;1.63;0.00;0.75;0.00;0.00;97.62
4fbe986;1;2022-04-03 10:49:02 UTC;-1;0.25;0.00;0.12;0.00;0.00;99.62
4fbe986;1;2022-04-03 10:49:03 UTC;-1;0.00;0.00;0.25;0.00;0.00;99.75
4fbe986;1;2022-04-03 10:49:04 UTC;-1;0.00;0.00;0.78;0.00;0.00;99.22
4fbe986;1;2022-04-03 10:49:05 UTC;-1;0.27;0.00;1.20;0.00;0.00;98.53
4fbe986;1;2022-04-03 10:49:06 UTC;-1;0.42;0.00;3.88;0.00;0.00;95.71
4fbe986;1;2022-04-03 10:49:07 UTC;-1;0.45;0.00;3.31;0.00;0.00;96.23
4fbe986;1;2022-04-03 10:49:08 UTC;-1;1.90;0.00;9.22;0.00;0.00;88.87
4fbe986;1;2022-04-03 10:49:09 UTC;-1;2.18;0.00;9.32;0.00;0.00;88.50
4fbe986;1;2022-04-03 10:49:10 UTC;-1;0.75;0.00;5.11;0.00;0.00;94.14
4fbe986;1;2022-04-03 10:49:11 UTC;-1;0.88;0.00;8.03;0.00;0.00;91.09
4fbe986;1;2022-04-03 10:49:12 UTC;-1;0.59;0.00;6.80;0.00;0.00;92.60
4fbe986;1;2022-04-03 10:49:13 UTC;-1;3.05;0.00;14.01;0.69;0.00;82.25
4fbe986;1;2022-04-03 10:49:14 UTC;-1;1.96;0.00;10.20;0.28;0.00;87.57
4fbe986;1;2022-04-03 10:49:15 UTC;-1;0.28;0.00;4.20;0.00;0.00;95.52
4fbe986;1;2022-04-03 10:49:16 UTC;-1;0.40;0.00;1.60;0.00;0.00;98.00
4fbe986;1;2022-04-03 10:49:17 UTC;-1;0.13;0.00;0.88;0.00;0.00;98.99
4fbe986;1;2022-04-03 10:49:18 UTC;-1;1.63;0.00;0.63;0.00;0.00;97.74
4fbe986;1;2022-04-03 10:49:19 UTC;-1;0.25;0.00;0.25;0.00;0.00;99.50
4fbe986;1;2022-04-03 10:49:20 UTC;-1;0.00;0.00;0.25;0.00;0.00;99.75
4fbe986;1;2022-04-03 10:49:21 UTC;-1;0.50;0.00;0.50;0.00;0.00;99.00
4fbe986;1;2022-04-03 10:49:22 UTC;-1;0.13;0.00;1.74;0.00;0.00;98.13
4fbe986;1;2022-04-03 10:49:23 UTC;-1;0.56;0.00;1.81;0.00;0.00;97.64
4fbe986;1;2022-04-03 10:49:24 UTC;-1;0.29;0.00;3.62;0.00;0.00;96.09
4fbe986;1;2022-04-03 10:49:25 UTC;-1;0.44;0.00;10.43;0.00;0.00;89.13
4fbe986;1;2022-04-03 10:49:26 UTC;-1;0.60;0.00;7.97;0.00;0.00;91.43
4fbe986;1;2022-04-03 10:49:27 UTC;-1;0.46;0.00;5.85;0.00;0.00;93.69
4fbe986;1;2022-04-03 10:49:28 UTC;-1;0.47;0.00;4.84;0.00;0.00;94.70
4fbe986;1;2022-04-03 10:49:29 UTC;-1;0.62;0.00;6.00;0.00;0.00;93.38
4fbe986;1;2022-04-03 10:49:30 UTC;-1;0.76;0.00;7.55;0.00;0.00;91.69
4fbe986;1;2022-04-03 10:49:31 UTC;-1;0.77;0.00;6.77;0.00;0.00;92.46
4fbe986;1;2022-04-03 10:49:32 UTC;-1;1.00;0.00;3.86;0.00;0.00;95.14
4fbe986;1;2022-04-03 10:49:33 UTC;-1;0.42;0.00;1.80;0.00;0.00;97.78
4fbe986;1;2022-04-03 10:49:34 UTC;-1;0.27;0.00;0.93;0.00;0.00;98.80
4fbe986;1;2022-04-03 10:49:35 UTC;-1;0.50;0.00;0.38;0.00;0.00;99.12
4fbe986;1;2022-04-03 10:49:36 UTC;-1;1.50;0.00;0.50;0.00;0.00;98.00
4fbe986;1;2022-04-03 10:49:37 UTC;-1;0.13;0.00;0.13;0.00;0.00;99.75
4fbe986;1;2022-04-03 10:49:38 UTC;-1;0.25;0.00;0.37;0.00;0.00;99.38
4fbe986;1;2022-04-03 10:49:39 UTC;-1;3.23;0.00;2.45;0.00;0.00;94.32
4fbe986;1;2022-04-03 10:49:40 UTC;-1;0.27;0.00;2.55;0.00;0.00;97.18
4fbe986;1;2022-04-03 10:49:41 UTC;-1;0.44;0.00;4.36;0.00;0.00;95.20
4fbe986;1;2022-04-03 10:49:42 UTC;-1;0.48;0.00;4.77;0.00;0.00;94.75
4fbe986;1;2022-04-03 10:49:43 UTC;-1;0.79;0.00;8.83;0.00;0.00;90.38
4fbe986;1;2022-04-03 10:49:44 UTC;-1;0.65;0.00;6.34;0.00;0.00;93.01
4fbe986;1;2022-04-03 10:49:45 UTC;-1;0.63;0.00;9.25;0.16;0.00;89.97
4fbe986;1;2022-04-03 10:49:46 UTC;-1;0.65;0.00;5.56;0.00;0.00;93.79
4fbe986;1;2022-04-03 10:49:47 UTC;-1;0.48;0.00;7.38;0.00;0.00;92.13
4fbe986;1;2022-04-03 10:49:48 UTC;-1;0.96;0.00;7.07;0.00;0.00;91.96
4fbe986;1;2022-04-03 10:49:49 UTC;-1;0.90;0.00;7.91;0.00;0.00;91.19
4fbe986;1;2022-04-03 10:49:50 UTC;-1;0.29;0.00;3.49;0.00;0.00;96.22
4fbe986;1;2022-04-03 10:49:51 UTC;-1;0.40;0.00;2.28;0.00;0.00;97.32
4fbe986;1;2022-04-03 10:49:52 UTC;-1;0.13;0.00;0.51;0.00;0.00;99.36
4fbe986;1;2022-04-03 10:49:53 UTC;-1;1.26;0.00;0.50;0.00;0.00;98.24
4fbe986;1;2022-04-03 10:49:54 UTC;-1;0.00;0.00;0.13;0.00;0.00;99.87
4fbe986;1;2022-04-03 10:49:55 UTC;-1;0.37;0.00;0.25;0.00;0.00;99.38
4fbe986;1;2022-04-03 10:49:56 UTC;-1;0.25;0.00;0.13;0.00;0.00;99.62
4fbe986;1;2022-04-03 10:49:57 UTC;-1;0.13;0.00;1.75;0.00;0.00;98.11
4fbe986;1;2022-04-03 10:49:58 UTC;-1;0.28;0.00;4.20;0.00;0.00;95.52
4fbe986;1;2022-04-03 10:49:59 UTC;-1;0.46;0.00;4.72;0.00;0.00;94.82
4fbe986;1;2022-04-03 10:50:00 UTC;-1;0.99;0.00;6.29;0.00;0.00;92.72
4fbe986;1;2022-04-03 10:50:01 UTC;-1;0.97;0.00;7.47;0.00;0.00;91.56
4fbe986;1;2022-04-03 10:50:02 UTC;-1;1.28;0.00;9.41;0.00;0.00;89.31
4fbe986;1;2022-04-03 10:50:03 UTC;-1;0.49;0.00;8.32;0.00;0.00;91.19
4fbe986;1;2022-04-03 10:50:04 UTC;-1;0.78;0.00;10.64;0.00;0.00;88.58
4fbe986;1;2022-04-03 10:50:05 UTC;-1;1.01;0.00;6.03;0.00;0.00;92.96
4fbe986;1;2022-04-03 10:50:06 UTC;-1;1.10;0.00;10.85;0.00;0.00;88.05
4fbe986;1;2022-04-03 10:50:07 UTC;-1;0.58;0.00;6.21;0.00;0.00;93.21
4fbe986;1;2022-04-03 10:50:08 UTC;-1;0.14;0.00;3.18;0.00;0.00;96.68
4fbe986;1;2022-04-03 10:50:09 UTC;-1;3.64;0.00;3.90;0.13;0.00;92.33
4fbe986;1;2022-04-03 10:50:10 UTC;-1;0.38;0.00;0.13;0.00;0.00;99.50
4fbe986;1;2022-04-03 10:50:11 UTC;-1;1.50;0.00;0.88;0.00;0.00;97.62
4fbe986;1;2022-04-03 10:50:12 UTC;-1;0.25;0.00;0.12;0.00;0.00;99.62
4fbe986;1;2022-04-03 10:50:13 UTC;-1;0.12;0.00;0.37;0.00;0.00;99.50
4fbe986;1;2022-04-03 10:50:14 UTC;-1;0.26;0.00;1.28;0.00;0.00;98.46
4fbe986;1;2022-04-03 10:50:15 UTC;-1;0.40;0.00;2.39;0.00;0.00;97.21
4fbe986;1;2022-04-03 10:50:16 UTC;-1;0.29;0.00;1.00;0.00;0.00;98.71
4fbe986;1;2022-04-03 10:50:17 UTC;-1;0.00;0.00;1.65;0.00;0.00;98.35
4fbe986;1;2022-04-03 10:50:18 UTC;-1;0.72;0.00;2.73;0.00;0.00;96.55
4fbe986;1;2022-04-03 10:50:19 UTC;-1;0.30;0.00;1.78;0.00;0.00;97.92
4fbe986;1;2022-04-03 10:50:20 UTC;-1;0.00;0.00;0.39;0.00;0.00;99.61
4fbe986;1;2022-04-03 10:50:21 UTC;-1;0.39;0.00;0.52;0.00;0.00;99.09
4fbe986;1;2022-04-03 10:50:22 UTC;-1;0.86;0.00;2.74;0.00;0.00;96.40
4fbe986;1;2022-04-03 10:50:23 UTC;-1;0.13;0.00;0.13;0.00;0.00;99.74
4fbe986;1;2022-04-03 10:50:24 UTC;-1;0.13;0.00;3.04;0.00;0.00;96.83
4fbe986;1;2022-04-03 10:50:25 UTC;-1;0.55;0.00;1.93;0.00;0.00;97.52
4fbe986;1;2022-04-03 10:50:26 UTC;-1;0.26;0.00;1.05;0.00;0.00;98.68
4fbe986;1;2022-04-03 10:50:27 UTC;-1;1.51;0.00;0.75;0.00;0.00;97.74
4fbe986;1;2022-04-03 10:50:28 UTC;-1;0.25;0.00;0.37;0.00;0.00;99.38
4fbe986;1;2022-04-03 10:50:29 UTC;-1;0.13;0.00;0.00;0.00;0.00;99.87
4fbe986;1;2022-04-03 10:50:30 UTC;-1;0.12;0.00;0.25;0.00;0.00;99.63
4fbe986;1;2022-04-03 10:50:31 UTC;-1;0.38;0.00;0.75;0.00;0.00;98.87
4fbe986;1;2022-04-03 10:50:32 UTC;-1;0.88;0.00;4.76;0.00;0.00;94.36
4fbe986;1;2022-04-03 10:50:33 UTC;-1;0.40;0.00;3.23;0.00;0.00;96.36
4fbe986;1;2022-04-03 10:50:34 UTC;-1;0.27;0.00;3.93;0.00;0.00;95.79
4fbe986;1;2022-04-03 10:50:35 UTC;-1;0.78;0.00;5.21;0.00;0.00;94.01
4fbe986;1;2022-04-03 10:50:36 UTC;-1;0.00;0.00;13.02;0.00;0.00;86.98
4fbe986;1;2022-04-03 10:50:37 UTC;-1;0.13;0.00;6.31;0.00;0.00;93.57
4fbe986;1;2022-04-03 10:50:38 UTC;-1;3.29;0.00;9.99;0.12;0.00;86.60
4fbe986;1;2022-04-03 10:50:39 UTC;-1;2.00;0.00;9.01;0.13;0.00;88.86
4fbe986;1;2022-04-03 10:50:40 UTC;-1;0.00;0.00;10.17;0.00;0.00;89.83
4fbe986;1;2022-04-03 10:50:41 UTC;-1;0.36;0.00;11.27;0.00;0.00;88.37
4fbe986;1;2022-04-03 10:50:42 UTC;-1;0.68;0.00;2.73;0.00;0.00;96.59
4fbe986;1;2022-04-03 10:50:43 UTC;-1;0.39;0.00;1.58;0.00;0.00;98.03
4fbe986;1;2022-04-03 10:50:44 UTC;-1;0.53;0.00;0.53;0.00;0.00;98.94
4fbe986;1;2022-04-03 10:50:45 UTC;-1;1.00;0.00;1.12;0.00;0.00;97.88
4fbe986;1;2022-04-03 10:50:46 UTC;-1;0.13;0.00;0.00;0.00;0.00;99.87
4fbe986;1;2022-04-03 10:50:47 UTC;-1;0.12;0.00;0.25;0.00;0.00;99.63
4fbe986;1;2022-04-03 10:50:48 UTC;-1;0.25;0.00;0.00;0.00;0.00;99.75
4fbe986;1;2022-04-03 10:50:49 UTC;-1;0.13;0.00;0.64;0.00;0.00;99.23
4fbe986;1;2022-04-03 10:50:50 UTC;-1;2.25;0.00;5.49;0.00;0.00;92.26
4fbe986;1;2022-04-03 10:50:51 UTC;-1;0.69;0.00;3.06;0.00;0.00;96.25
4fbe986;1;2022-04-03 10:50:52 UTC;-1;1.37;0.00;7.52;0.00;0.00;91.11
4fbe986;1;2022-04-03 10:50:53 UTC;-1;0.74;0.00;2.95;0.00;0.00;96.31
4fbe986;1;2022-04-03 10:50:54 UTC;-1;0.30;0.00;2.24;0.00;0.00;97.47
4fbe986;1;2022-04-03 10:50:55 UTC;-1;0.15;0.00;2.38;0.00;0.00;97.47
4fbe986;1;2022-04-03 10:50:56 UTC;-1;0.30;0.00;2.97;0.00;0.00;96.73
4fbe986;1;2022-04-03 10:50:57 UTC;-1;0.00;0.00;2.24;0.00;0.00;97.76
4fbe986;1;2022-04-03 10:50:58 UTC;-1;0.74;0.00;2.67;0.00;0.00;96.58
4fbe986;1;2022-04-03 10:50:59 UTC;-1;0.29;0.00;2.03;0.00;0.00;97.68
4fbe986;1;2022-04-03 10:51:00 UTC;-1;0.54;0.00;2.30;0.00;0.00;97.16
4fbe986;1;2022-04-03 10:51:01 UTC;-1;0.40;0.00;1.59;0.00;0.00;98.01
4fbe986;1;2022-04-03 10:51:02 UTC;-1;1.89;0.00;1.14;0.00;0.00;96.97
4fbe986;1;2022-04-03 10:51:03 UTC;-1;0.00;0.00;0.25;0.00;0.00;99.75
4fbe986;1;2022-04-03 10:51:04 UTC;-1;0.12;0.00;0.12;0.00;0.00;99.75
4fbe986;1;2022-04-03 10:51:05 UTC;-1;0.25;0.00;0.25;0.00;0.00;99.50
4fbe986;1;2022-04-03 10:51:06 UTC;-1;0.38;0.00;0.00;0.00;0.00;99.62
4fbe986;1;2022-04-03 10:51:07 UTC;-1;0.13;0.00;0.80;0.00;0.00;99.07
4fbe986;1;2022-04-03 10:51:08 UTC;-1;0.00;0.00;4.32;0.00;0.00;95.68
4fbe986;1;2022-04-03 10:51:09 UTC;-1;3.67;0.00;5.03;0.14;0.00;91.16
4fbe986;1;2022-04-03 10:51:10 UTC;-1;0.14;0.00;5.18;0.00;0.00;94.68
4fbe986;1;2022-04-03 10:51:11 UTC;-1;0.14;0.00;4.66;0.00;0.00;95.20
4fbe986;1;2022-04-03 10:51:12 UTC;-1;0.00;0.00;2.55;0.00;0.00;97.45
4fbe986;1;2022-04-03 10:51:13 UTC;-1;0.14;0.00;2.81;0.00;0.00;97.05
4fbe986;1;2022-04-03 10:51:14 UTC;-1;0.00;0.00;3.07;0.00;0.00;96.93
4fbe986;1;2022-04-03 10:51:15 UTC;-1;0.27;0.00;6.41;0.00;0.00;93.32
4fbe986;1;2022-04-03 10:51:16 UTC;-1;0.14;0.00;0.72;0.00;0.00;99.14
4fbe986;1;2022-04-03 10:51:17 UTC;-1;0.00;0.00;0.28;0.00;0.00;99.72
4fbe986;1;2022-04-03 10:51:18 UTC;-1;0.13;0.00;0.26;0.00;0.00;99.60
4fbe986;1;2022-04-03 10:51:19 UTC;-1;0.26;0.00;0.00;0.00;0.00;99.74
4fbe986;1;2022-04-03 10:51:20 UTC;-1;1.12;0.00;0.75;0.00;0.00;98.13
4fbe986;1;2022-04-03 10:51:21 UTC;-1;0.25;0.00;0.13;0.00;0.00;99.62
4fbe986;1;2022-04-03 10:51:22 UTC;-1;0.25;0.00;0.12;0.00;0.00;99.62
4fbe986;1;2022-04-03 10:51:23 UTC;-1;0.00;0.00;0.25;0.00;0.00;99.75
4fbe986;1;2022-04-03 10:51:24 UTC;-1;0.13;0.00;0.64;0.00;0.00;99.23
4fbe986;1;2022-04-03 10:51:25 UTC;-1;0.27;0.00;1.62;0.00;0.00;98.11
4fbe986;1;2022-04-03 10:51:26 UTC;-1;0.14;0.00;2.13;0.00;0.00;97.72
4fbe986;1;2022-04-03 10:51:27 UTC;-1;0.30;0.00;1.67;0.00;0.00;98.02
4fbe986;1;2022-04-03 10:51:28 UTC;-1;0.31;0.00;1.39;0.00;0.00;98.30
4fbe986;1;2022-04-03 10:51:29 UTC;-1;0.31;0.00;1.99;0.00;0.00;97.70
4fbe986;1;2022-04-03 10:51:30 UTC;-1;0.15;0.00;2.15;0.00;0.00;97.70
4fbe986;1;2022-04-03 10:51:31 UTC;-1;0.31;0.00;2.31;0.00;0.00;97.38
4fbe986;1;2022-04-03 10:51:32 UTC;-1;0.45;0.00;3.47;0.00;0.00;96.07
4fbe986;1;2022-04-03 10:51:33 UTC;-1;0.15;0.00;1.69;0.00;0.00;98.15
4fbe986;1;2022-04-03 10:51:34 UTC;-1;0.15;0.00;1.05;0.00;0.00;98.80
4fbe986;1;2022-04-03 10:51:35 UTC;-1;0.42;0.00;0.97;0.00;0.00;98.61
4fbe986;1;2022-04-03 10:51:36 UTC;-1;0.26;0.00;0.53;0.00;0.00;99.21
4fbe986;1;2022-04-03 10:51:37 UTC;-1;1.51;0.00;0.88;0.00;0.00;97.61
4fbe986;1;2022-04-03 10:51:38 UTC;-1;0.62;0.00;0.12;0.00;0.00;99.25
4fbe986;1;2022-04-03 10:51:39 UTC;-1;3.13;0.00;1.25;0.13;0.00;95.49
4fbe986;1;2022-04-03 10:51:40 UTC;-1;0.25;0.00;0.12;0.00;0.00;99.63
4fbe986;1;2022-04-03 10:51:41 UTC;-1;0.50;0.00;0.25;0.00;0.00;99.25
4fbe986;1;2022-04-03 10:51:42 UTC;-1;0.13;0.00;2.95;0.00;0.00;96.92
4fbe986;1;2022-04-03 10:51:43 UTC;-1;0.27;0.00;1.77;0.00;0.00;97.96
4fbe986;1;2022-04-03 10:51:44 UTC;-1;0.28;0.00;3.41;0.00;0.00;96.31
4fbe986;1;2022-04-03 10:51:45 UTC;-1;0.44;0.00;2.66;0.00;0.00;96.89
4fbe986;1;2022-04-03 10:51:46 UTC;-1;0.44;0.00;3.52;0.00;0.00;96.04
4fbe986;1;2022-04-03 10:51:47 UTC;-1;0.44;0.00;4.26;0.00;0.00;95.29
4fbe986;1;2022-04-03 10:51:48 UTC;-1;0.15;0.00;3.98;0.00;0.00;95.87
4fbe986;1;2022-04-03 10:51:49 UTC;-1;0.58;0.00;5.09;0.00;0.00;94.32
4fbe986;1;2022-04-03 10:51:50 UTC;-1;0.30;0.00;3.12;0.00;0.00;96.58
4fbe986;1;2022-04-03 10:51:51 UTC;-1;0.44;0.00;5.42;0.00;0.00;94.14
4fbe986;1;2022-04-03 10:51:52 UTC;-1;0.28;0.00;1.69;0.00;0.00;98.03
4fbe986;1;2022-04-03 10:51:53 UTC;-1;0.13;0.00;0.54;0.00;0.00;99.33
4fbe986;1;2022-04-03 10:51:54 UTC;-1;0.13;0.00;0.39;0.00;0.00;99.48
4fbe986;1;2022-04-03 10:51:55 UTC;-1;1.50;0.00;0.50;0.00;0.00;98.00
4fbe986;1;2022-04-03 10:51:56 UTC;-1;0.37;0.00;0.25;0.00;0.00;99.38
4fbe986;1;2022-04-03 10:51:57 UTC;-1;0.00;0.00;0.38;0.00;0.00;99.62
4fbe986;1;2022-04-03 10:51:58 UTC;-1;0.00;0.00;0.12;0.00;0.00;99.88
4fbe986;1;2022-04-03 10:51:59 UTC;-1;0.26;0.00;0.78;0.00;0.00;98.96
4fbe986;1;2022-04-03 10:52:00 UTC;-1;0.27;0.00;1.51;0.00;0.00;98.22
4fbe986;1;2022-04-03 10:52:01 UTC;-1;0.29;0.00;2.28;0.00;0.00;97.43
4fbe986;1;2022-04-03 10:52:02 UTC;-1;0.31;0.00;3.51;0.00;0.00;96.18
4fbe986;1;2022-04-03 10:52:03 UTC;-1;0.29;0.00;8.23;0.00;0.00;91.49
4fbe986;1;2022-04-03 10:52:04 UTC;-1;0.29;0.00;8.05;0.00;0.00;91.65
4fbe986;1;2022-04-03 10:52:05 UTC;-1;0.29;0.00;8.88;0.00;0.00;90.83
4fbe986;1;2022-04-03 10:52:06 UTC;-1;0.44;0.00;7.18;0.00;0.00;92.38
4fbe986;1;2022-04-03 10:52:07 UTC;-1;0.45;0.00;5.98;0.00;0.00;93.57
4fbe986;1;2022-04-03 10:52:08 UTC;-1;0.44;0.00;7.22;0.00;0.00;92.34
4fbe986;1;2022-04-03 10:52:09 UTC;-1;3.93;0.00;8.29;0.28;0.00;87.50
4fbe986;1;2022-04-03 10:52:10 UTC;-1;0.41;0.00;2.20;0.00;0.00;97.38
4fbe986;1;2022-04-03 10:52:11 UTC;-1;0.27;0.00;1.99;0.00;0.00;97.74
4fbe986;1;2022-04-03 10:52:12 UTC;-1;1.38;0.00;0.63;0.00;0.00;97.99
4fbe986;1;2022-04-03 10:52:13 UTC;-1;0.00;0.00;0.25;0.00;0.00;99.75
4fbe986;1;2022-04-03 10:52:14 UTC;-1;5.38;0.00;2.75;0.50;0.00;91.36
4fbe986;1;2022-04-03 10:52:15 UTC;-1;0.25;0.00;0.00;0.00;0.00;99.75
4fbe986;1;2022-04-03 10:52:16 UTC;-1;0.00;0.00;0.51;0.00;0.00;99.49
4fbe986;1;2022-04-03 10:52:17 UTC;-1;0.27;0.00;1.87;0.00;0.00;97.86
